Plumbing  ,Block_Drainage   
Plumbing  ,Pipe_and_Running_Issues   
Plumbing  ,Leakages    
Plumbing  ,Broken_Faucets_and_Sanitary_Wares   
Plumbing  ,Broken_Pumping_Machine    
Plumbing  ,Water_Treatment 
Electricals   ,Bad_Switches_and_Sockets    
Electricals   ,Circuit_Problem
Electricals   ,Burnt_Cables   
Electricals   ,Surge_Issue   
Electricals   ,Installation_of_Fittings    
Electricals   ,Solar_Repairs_and_Inverters 
Aluminium    ,Broken_Glass_Windows    
Aluminium    ,Roof_Leakages 
Carpentry    ,Sofa_Fix   
Carpentry    ,Cabinet_Fix   
Carpentry    ,Wardrobe_Fix   
Carpentry    ,Door_Fix 
Damp_Treatment     ,Wall_Repairs   
Damp_Treatment     ,Paintings   
Damp_Treatment     ,Screed_and_Fix    
Damp_Treatment     ,Water_Collection_and_Control    
Damp_Treatment     ,Pave_Stones_and_Interlocking_System 
Installations_and_Repairs   ,DSTV   
Installations_and_Repairs   ,Air_Conditioning   
Installations_and_Repairs   ,CCTV   
Installations_and_Repairs   ,Central_Audio_System 
Ceramic_and_Epoxy   ,Floor_Finishing_ Repairs   
Ceramic_and_Epoxy   ,Wall_Paper_Fixing_and_Panels   
Ceramic_and_Epoxy   ,Pop_Ceiling_Repairs 
Welding    , Gates_and_Rails_Repair   
Welding    ,Tank_Base_Repair_and_General_Welding_Repairs 
